{"_wandb":{"runtime":182},"_timestamp":1.729694466112181e+09,"_runtime":182.290788,"epoch":4,"Confusion Matrix":{"format":"png","width":700,"height":400,"_type":"image-file","sha256":"111d4f67bec1642e215d49b6cb09a3c494878930cb0df8088aefc8c943fe7f95","size":44948,"path":"media/images/Confusion Matrix_573_111d4f67bec1642e215d.png"},"train/train_acc_epoch":0.4832589328289032,"train/train_acc_step":0.5078125,"train/train_loss_step":1.3331413269042969,"train/train_loss_epoch":1.3521722555160522,"trainer/global_step":559,"val/val_loss":3.09981107711792,"val/val_acc":0.4966517984867096,"_step":575}