{"_timestamp":1.7296941959527e+09,"_step":114,"val/val_acc":0.3119419515132904,"_wandb":{"runtime":70},"_runtime":70.297118,"train/train_loss_step":1.8299903869628906,"Confusion Matrix":{"size":43984,"path":"media/images/Confusion Matrix_113_b7060e09056f282b555f.png","format":"png","width":700,"height":400,"_type":"image-file","sha256":"b7060e09056f282b555f1c3c118af4bac808e11f9c06e1bdc48937dbb67f936f"},"train/train_acc_step":0.25,"val/val_loss":2.976107358932495,"trainer/global_step":111,"epoch":0}