{"trainer/global_step":447,"val/val_acc":0.4514508843421936,"train/train_loss_epoch":1.4640973806381226,"val/val_loss":3.195006847381592,"_runtime":157.365515,"train/train_acc_step":0.4765625,"train/train_acc_epoch":0.4426618218421936,"_step":460,"_timestamp":1.729694761354951e+09,"train/train_loss_step":1.4225194454193115,"Confusion Matrix":{"sha256":"14aa88f1348af484cb98983bc688a5b7fb74587285a9586f2028923643d4ccf7","size":45290,"path":"media/images/Confusion Matrix_458_14aa88f1348af484cb98.png","format":"png","width":700,"height":400,"_type":"image-file"},"epoch":3,"_wandb":{"runtime":157}}