{"Confusion Matrix":{"width":700,"height":400,"_type":"image-file","sha256":"b7060e09056f282b555f1c3c118af4bac808e11f9c06e1bdc48937dbb67f936f","size":43984,"path":"media/images/Confusion Matrix_113_b7060e09056f282b555f.png","format":"png"},"trainer/global_step":111,"_runtime":70.89325,"val/val_loss":2.976107358932495,"_step":114,"train/train_loss_step":1.8299903869628906,"_timestamp":1.729694044214306e+09,"train/train_acc_step":0.25,"val/val_acc":0.3119419515132904,"_wandb":{"runtime":70},"epoch":0}