{"train/loss_step":1.8299903869628906,"epoch":0,"train/acc_step":0.25,"Confusion Matrix":{"sha256":"b7060e09056f282b555f1c3c118af4bac808e11f9c06e1bdc48937dbb67f936f","size":43984,"path":"media/images/Confusion Matrix_113_b7060e09056f282b555f.png","format":"png","width":700,"height":400,"_type":"image-file"},"val/loss":2.976107358932495,"_step":114,"val/acc":0.3119419515132904,"_runtime":70.130047,"trainer/global_step":111,"_timestamp":1.729693777351269e+09,"_wandb":{"runtime":70}}