{"train/train_acc_epoch":0.6734095811843872,"trainer/global_step":1119,"epoch":9,"_timestamp":1.7296952772122371e+09,"_runtime":328.359973,"Confusion Matrix":{"sha256":"196398a2e69ddaf9eab22040e8a72ac1f061fbf51e80577dbac0f251083865b7","size":47673,"path":"media/images/Confusion Matrix_1148_196398a2e69ddaf9eab2.png","format":"png","width":700,"height":400,"_type":"image-file"},"train/train_loss_epoch":0.8865500092506409,"_step":1150,"train/train_acc_step":0.640625,"val/val_acc":0.54296875,"val/val_loss":3.6072545051574707,"train/train_loss_step":0.9241961240768433,"_wandb":{"runtime":328}}